report_id,hall_key,report_date,status,win_count,machine_count,collected_at,raw_path
3098106,%E3%83%91%E3%83%BC%E3%83%A9%E3%83%BC%E3%82%BE%E3%83%BC%E3%83%B3%E5%A7%AA%E6%B5%9C,2026-05-12,,87,280,2026-05-13T10:31:13,data/raw/2026-05-13/_E3_83_91_E3_83_BC_E3_83_A9_E3_83_BC_E3_82_BE_E3_83_BC_E3_83_B3_E5_A7_AA_E6_B5_9C_3098106.html
3095126,%E3%83%91%E3%83%BC%E3%83%A9%E3%83%BC%E3%82%BE%E3%83%BC%E3%83%B3%E5%A7%AA%E6%B5%9C,2026-05-10,,106,280,2026-05-13T10:33:54,data/raw/2026-05-13/_E3_83_91_E3_83_BC_E3_83_A9_E3_83_BC_E3_82_BE_E3_83_BC_E3_83_B3_E5_A7_AA_E6_B5_9C_3095126.html
3091889,%E3%83%91%E3%83%BC%E3%83%A9%E3%83%BC%E3%82%BE%E3%83%BC%E3%83%B3%E5%A7%AA%E6%B5%9C,2026-05-09,"旧イベント日
（9のつく日、土曜日）",123,280,2026-05-13T10:33:54,data/raw/2026-05-13/_E3_83_91_E3_83_BC_E3_83_A9_E3_83_BC_E3_82_BE_E3_83_BC_E3_83_B3_E5_A7_AA_E6_B5_9C_3091889.html
3098436,%E3%82%A2%E3%82%A6%E3%83%88%E3%83%90%E3%83%BC%E3%83%B3%E3%83%96%E3%83%AA%E3%83%83%E3%83%84,2026-05-12,,91,342,2026-05-13T10:31:13,data/raw/2026-05-13/_E3_82_A2_E3_82_A6_E3_83_88_E3_83_90_E3_83_BC_E3_83_B3_E3_83_96_E3_83_AA_E3_83_83_E3_83_84_3098436.html
3096661,%E3%82%A2%E3%82%A6%E3%83%88%E3%83%90%E3%83%BC%E3%83%B3%E3%83%96%E3%83%AA%E3%83%83%E3%83%84,2026-05-11,,116,342,2026-05-13T10:31:13,data/raw/2026-05-13/_E3_82_A2_E3_82_A6_E3_83_88_E3_83_90_E3_83_BC_E3_83_B3_E3_83_96_E3_83_AA_E3_83_83_E3_83_84_3096661.html
3095549,%E3%82%A2%E3%82%A6%E3%83%88%E3%83%90%E3%83%BC%E3%83%B3%E3%83%96%E3%83%AA%E3%83%83%E3%83%84,2026-05-10,,93,342,2026-05-13T10:31:13,data/raw/2026-05-13/_E3_82_A2_E3_82_A6_E3_83_88_E3_83_90_E3_83_BC_E3_83_B3_E3_83_96_E3_83_AA_E3_83_83_E3_83_84_3095549.html
3085974,%E3%83%91%E3%83%BC%E3%83%A9%E3%83%BC%E3%82%BE%E3%83%BC%E3%83%B3%E5%A7%AA%E6%B5%9C,2026-05-06,"旧イベント日
（6のつく日）",111,280,2026-05-13T10:33:54,data/raw/2026-05-13/_E3_83_91_E3_83_BC_E3_83_A9_E3_83_BC_E3_82_BE_E3_83_BC_E3_83_B3_E5_A7_AA_E6_B5_9C_3085974.html
3079545,%E3%83%91%E3%83%BC%E3%83%A9%E3%83%BC%E3%82%BE%E3%83%BC%E3%83%B3%E5%A7%AA%E6%B5%9C,2026-05-03,"旧イベント日
（3のつく日）",118,280,2026-05-13T10:33:54,data/raw/2026-05-13/_E3_83_91_E3_83_BC_E3_83_A9_E3_83_BC_E3_82_BE_E3_83_BC_E3_83_B3_E5_A7_AA_E6_B5_9C_3079545.html
3078172,%E3%83%91%E3%83%BC%E3%83%A9%E3%83%BC%E3%82%BE%E3%83%BC%E3%83%B3%E5%A7%AA%E6%B5%9C,2026-05-02,"旧イベント日
（土曜日）",113,280,2026-05-13T10:33:54,data/raw/2026-05-13/_E3_83_91_E3_83_BC_E3_83_A9_E3_83_BC_E3_82_BE_E3_83_BC_E3_83_B3_E5_A7_AA_E6_B5_9C_3078172.html
3072722,%E3%83%91%E3%83%BC%E3%83%A9%E3%83%BC%E3%82%BE%E3%83%BC%E3%83%B3%E5%A7%AA%E6%B5%9C,2026-04-29,"旧イベント日
（9のつく日）",112,280,2026-05-13T10:33:54,data/raw/2026-05-13/_E3_83_91_E3_83_BC_E3_83_A9_E3_83_BC_E3_82_BE_E3_83_BC_E3_83_B3_E5_A7_AA_E6_B5_9C_3072722.html
3065165,%E3%83%91%E3%83%BC%E3%83%A9%E3%83%BC%E3%82%BE%E3%83%BC%E3%83%B3%E5%A7%AA%E6%B5%9C,2026-04-26,"旧イベント日
（6のつく日）",117,280,2026-05-13T10:33:54,data/raw/2026-05-13/_E3_83_91_E3_83_BC_E3_83_A9_E3_83_BC_E3_82_BE_E3_83_BC_E3_83_B3_E5_A7_AA_E6_B5_9C_3065165.html
3063150,%E3%83%91%E3%83%BC%E3%83%A9%E3%83%BC%E3%82%BE%E3%83%BC%E3%83%B3%E5%A7%AA%E6%B5%9C,2026-04-25,"旧イベント日
（土曜日）",99,280,2026-05-13T10:33:54,data/raw/2026-05-13/_E3_83_91_E3_83_BC_E3_83_A9_E3_83_BC_E3_82_BE_E3_83_BC_E3_83_B3_E5_A7_AA_E6_B5_9C_3063150.html
3059373,%E3%83%91%E3%83%BC%E3%83%A9%E3%83%BC%E3%82%BE%E3%83%BC%E3%83%B3%E5%A7%AA%E6%B5%9C,2026-04-23,"旧イベント日
（3のつく日）",100,280,2026-05-13T10:33:54,data/raw/2026-05-13/_E3_83_91_E3_83_BC_E3_83_A9_E3_83_BC_E3_82_BE_E3_83_BC_E3_83_B3_E5_A7_AA_E6_B5_9C_3059373.html
3051254,%E3%83%91%E3%83%BC%E3%83%A9%E3%83%BC%E3%82%BE%E3%83%BC%E3%83%B3%E5%A7%AA%E6%B5%9C,2026-04-19,"旧イベント日
（9のつく日）",99,280,2026-05-13T10:33:54,data/raw/2026-05-13/_E3_83_91_E3_83_BC_E3_83_A9_E3_83_BC_E3_82_BE_E3_83_BC_E3_83_B3_E5_A7_AA_E6_B5_9C_3051254.html
3049345,%E3%83%91%E3%83%BC%E3%83%A9%E3%83%BC%E3%82%BE%E3%83%BC%E3%83%B3%E5%A7%AA%E6%B5%9C,2026-04-18,"旧イベント日
（土曜日）",120,280,2026-05-13T10:33:54,data/raw/2026-05-13/_E3_83_91_E3_83_BC_E3_83_A9_E3_83_BC_E3_82_BE_E3_83_BC_E3_83_B3_E5_A7_AA_E6_B5_9C_3049345.html
3045034,%E3%83%91%E3%83%BC%E3%83%A9%E3%83%BC%E3%82%BE%E3%83%BC%E3%83%B3%E5%A7%AA%E6%B5%9C,2026-04-16,"旧イベント日
（6のつく日）",97,280,2026-05-13T10:33:54,data/raw/2026-05-13/_E3_83_91_E3_83_BC_E3_83_A9_E3_83_BC_E3_82_BE_E3_83_BC_E3_83_B3_E5_A7_AA_E6_B5_9C_3045034.html
3038957,%E3%83%91%E3%83%BC%E3%83%A9%E3%83%BC%E3%82%BE%E3%83%BC%E3%83%B3%E5%A7%AA%E6%B5%9C,2026-04-13,"旧イベント日
（3のつく日）",101,280,2026-05-13T10:33:54,data/raw/2026-05-13/_E3_83_91_E3_83_BC_E3_83_A9_E3_83_BC_E3_82_BE_E3_83_BC_E3_83_B3_E5_A7_AA_E6_B5_9C_3038957.html
3030889,%E3%83%91%E3%83%BC%E3%83%A9%E3%83%BC%E3%82%BE%E3%83%BC%E3%83%B3%E5%A7%AA%E6%B5%9C,2026-04-09,"旧イベント日
（9のつく日）",118,280,2026-05-13T10:33:54,data/raw/2026-05-13/_E3_83_91_E3_83_BC_E3_83_A9_E3_83_BC_E3_82_BE_E3_83_BC_E3_83_B3_E5_A7_AA_E6_B5_9C_3030889.html
3025015,%E3%83%91%E3%83%BC%E3%83%A9%E3%83%BC%E3%82%BE%E3%83%BC%E3%83%B3%E5%A7%AA%E6%B5%9C,2026-04-06,"旧イベント日
（6のつく日）",111,280,2026-05-13T10:33:54,data/raw/2026-05-13/_E3_83_91_E3_83_BC_E3_83_A9_E3_83_BC_E3_82_BE_E3_83_BC_E3_83_B3_E5_A7_AA_E6_B5_9C_3025015.html
3019172,%E3%83%91%E3%83%BC%E3%83%A9%E3%83%BC%E3%82%BE%E3%83%BC%E3%83%B3%E5%A7%AA%E6%B5%9C,2026-04-03,"旧イベント日
（3のつく日）",106,280,2026-05-13T10:33:54,data/raw/2026-05-13/_E3_83_91_E3_83_BC_E3_83_A9_E3_83_BC_E3_82_BE_E3_83_BC_E3_83_B3_E5_A7_AA_E6_B5_9C_3019172.html
3089795,%E3%82%A2%E3%82%A6%E3%83%88%E3%83%90%E3%83%BC%E3%83%B3%E3%83%96%E3%83%AA%E3%83%83%E3%83%84,2026-05-08,"旧イベント日
（8のつく日）",120,342,2026-05-13T10:42:37,data/raw/2026-05-13/_E3_82_A2_E3_82_A6_E3_83_88_E3_83_90_E3_83_BC_E3_83_B3_E3_83_96_E3_83_AA_E3_83_83_E3_83_84_3089795.html
3081557,%E3%82%A2%E3%82%A6%E3%83%88%E3%83%90%E3%83%BC%E3%83%B3%E3%83%96%E3%83%AA%E3%83%83%E3%83%84,2026-05-04,"旧イベント日
（4のつく日）",124,342,2026-05-13T10:42:37,data/raw/2026-05-13/_E3_82_A2_E3_82_A6_E3_83_88_E3_83_90_E3_83_BC_E3_83_B3_E3_83_96_E3_83_AA_E3_83_83_E3_83_84_3081557.html
3069202,%E3%82%A2%E3%82%A6%E3%83%88%E3%83%90%E3%83%BC%E3%83%B3%E3%83%96%E3%83%AA%E3%83%83%E3%83%84,2026-04-28,"旧イベント日
（8のつく日）",130,342,2026-05-13T10:42:37,data/raw/2026-05-13/_E3_82_A2_E3_82_A6_E3_83_88_E3_83_90_E3_83_BC_E3_83_B3_E3_83_96_E3_83_AA_E3_83_83_E3_83_84_3069202.html
3060981,%E3%82%A2%E3%82%A6%E3%83%88%E3%83%90%E3%83%BC%E3%83%B3%E3%83%96%E3%83%AA%E3%83%83%E3%83%84,2026-04-24,"旧イベント日
（4のつく日）",126,342,2026-05-13T10:42:37,data/raw/2026-05-13/_E3_82_A2_E3_82_A6_E3_83_88_E3_83_90_E3_83_BC_E3_83_B3_E3_83_96_E3_83_AA_E3_83_83_E3_83_84_3060981.html
3049019,%E3%82%A2%E3%82%A6%E3%83%88%E3%83%90%E3%83%BC%E3%83%B3%E3%83%96%E3%83%AA%E3%83%83%E3%83%84,2026-04-18,"旧イベント日
（8のつく日）",110,342,2026-05-13T10:42:37,data/raw/2026-05-13/_E3_82_A2_E3_82_A6_E3_83_88_E3_83_90_E3_83_BC_E3_83_B3_E3_83_96_E3_83_AA_E3_83_83_E3_83_84_3049019.html
3040940,%E3%82%A2%E3%82%A6%E3%83%88%E3%83%90%E3%83%BC%E3%83%B3%E3%83%96%E3%83%AA%E3%83%83%E3%83%84,2026-04-14,"旧イベント日
（4のつく日）",118,342,2026-05-13T10:42:37,data/raw/2026-05-13/_E3_82_A2_E3_82_A6_E3_83_88_E3_83_90_E3_83_BC_E3_83_B3_E3_83_96_E3_83_AA_E3_83_83_E3_83_84_3040940.html
3028830,%E3%82%A2%E3%82%A6%E3%83%88%E3%83%90%E3%83%BC%E3%83%B3%E3%83%96%E3%83%AA%E3%83%83%E3%83%84,2026-04-08,"旧イベント日
（8のつく日）",130,342,2026-05-13T10:42:37,data/raw/2026-05-13/_E3_82_A2_E3_82_A6_E3_83_88_E3_83_90_E3_83_BC_E3_83_B3_E3_83_96_E3_83_AA_E3_83_83_E3_83_84_3028830.html
3020824,%E3%82%A2%E3%82%A6%E3%83%88%E3%83%90%E3%83%BC%E3%83%B3%E3%83%96%E3%83%AA%E3%83%83%E3%83%84,2026-04-04,"旧イベント日
（4のつく日）",130,342,2026-05-13T10:42:37,data/raw/2026-05-13/_E3_82_A2_E3_82_A6_E3_83_88_E3_83_90_E3_83_BC_E3_83_B3_E3_83_96_E3_83_AA_E3_83_83_E3_83_84_3020824.html
