hall,date,machine,unit,grape_denom_random,grade_random,grape_denom_cherry,grade_cherry,grape_denom,grade,games,diff,bb,rb,payout_rate
パーラーゾーン姪浜,2026-09-28,ゴーゴージャグラー３,397,6.2004,設定2近辺,6.2798,設定1未満目安,6.2798,設定1未満目安,6500,-620,25,16,96.8
パーラーゾーン姪浜,2026-09-28,ゴーゴージャグラー３,398,5.5131,設定6以上目安,5.5758,設定6以上目安,5.5758,設定6以上目安,1150,-490,2,3,85.8
パーラーゾーン姪浜,2026-09-28,ゴーゴージャグラー３,399,5.9714,設定5近辺,6.0450,設定4近辺,6.0450,設定4近辺,5997,-700,20,18,96.1
パーラーゾーン姪浜,2026-09-28,ゴーゴージャグラー３,400,6.6321,設定1未満目安,6.7231,設定1未満目安,6.7231,設定1未満目安,1107,-570,3,2,82.8
パーラーゾーン姪浜,2026-09-28,ゴーゴージャグラー３,401,6.5552,設定1未満目安,6.6440,設定1未満目安,6.6440,設定1未満目安,3127,-1310,7,12,86.0
パーラーゾーン姪浜,2026-09-28,ゴーゴージャグラー３,402,6.0264,設定5近辺,6.1014,設定4近辺,6.1014,設定4近辺,2855,-500,10,6,94.2
パーラーゾーン姪浜,2026-09-28,ゴーゴージャグラー３,403,5.9267,設定6近辺,5.9992,設定5近辺,5.9992,設定5近辺,2234,690,12,5,110.3
パーラーゾーン姪浜,2026-09-28,ゴーゴージャグラー３,404,6.4052,設定1未満目安,6.4900,設定1未満目安,6.4900,設定1未満目安,2037,-240,8,5,96.1
パーラーゾーン姪浜,2026-09-28,ゴーゴージャグラー３,405,5.8763,設定6以上目安,5.9475,設定6近辺,5.9475,設定6近辺,4728,1940,27,11,113.7
パーラーゾーン姪浜,2026-09-28,ゴーゴージャグラー３,406,5.9202,設定6近辺,5.9926,設定5近辺,5.9926,設定5近辺,826,-650,1,1,73.8
パーラーゾーン姪浜,2026-09-28,ゴーゴージャグラー３,407,5.7847,設定6以上目安,5.8537,設定6以上目安,5.8537,設定6以上目安,1907,-1160,4,1,79.7
パーラーゾーン姪浜,2026-09-28,ゴーゴージャグラー３,430,6.4042,設定1未満目安,6.4890,設定1未満目安,6.4890,設定1未満目安,1582,-370,5,5,92.2
パーラーゾーン姪浜,2026-09-28,ゴーゴージャグラー３,431,6.3999,設定1未満目安,6.4845,設定1未満目安,6.4845,設定1未満目安,4953,690,22,19,104.6
パーラーゾーン姪浜,2026-09-28,ゴーゴージャグラー３,432,6.2237,設定2近辺,6.3037,設定1未満目安,6.3037,設定1未満目安,886,-540,2,1,79.7
パーラーゾーン姪浜,2026-09-28,ゴーゴージャグラー３,433,6.0794,設定4近辺,6.1557,設定3近辺,6.1557,設定3近辺,3082,-860,9,8,90.7
パーラーゾーン姪浜,2026-09-28,ゴーゴージャグラー３,434,5.6831,設定6以上目安,5.7497,設定6以上目安,5.7497,設定6以上目安,670,-570,0,2,71.6
パーラーゾーン姪浜,2026-09-28,ゴーゴージャグラー３,435,6.1312,設定3近辺,6.2088,設定2近辺,6.2088,設定2近辺,2269,210,11,4,103.1
パーラーゾーン姪浜,2026-09-28,ゴーゴージャグラー３,436,5.4127,設定6以上目安,5.4731,設定6以上目安,5.4731,設定6以上目安,1224,-250,4,1,93.2
パーラーゾーン姪浜,2026-09-28,ゴーゴージャグラー３,437,5.9907,設定5近辺,6.0648,設定4近辺,6.0648,設定4近辺,1293,-700,2,4,82.0
パーラーゾーン姪浜,2026-09-28,ゴーゴージャグラー３,438,6.5005,設定1未満目安,6.5878,設定1未満目安,6.5878,設定1未満目安,1508,-1070,3,2,76.3
パーラーゾーン姪浜,2026-09-28,ゴーゴージャグラー３,439,6.0651,設定4近辺,6.1411,設定3近辺,6.1411,設定3近辺,5204,820,24,15,105.3
パーラーゾーン姪浜,2026-09-28,ゴーゴージャグラー３,440,6.0105,設定5近辺,6.0851,設定4近辺,6.0851,設定4近辺,1771,-230,6,5,95.7
パーラーゾーン姪浜,2026-09-28,ネオアイムジャグラーEX,408,5.6031,設定6以上目安,5.6624,設定6以上目安,5.6624,設定6以上目安,1784,-1050,3,2,80.4
パーラーゾーン姪浜,2026-09-28,ネオアイムジャグラーEX,409,5.6801,設定6以上目安,5.7410,設定6以上目安,5.7410,設定6以上目安,2003,1030,12,3,117.1
パーラーゾーン姪浜,2026-09-28,ネオアイムジャグラーEX,410,5.6557,設定6以上目安,5.7161,設定6以上目安,5.7161,設定6以上目安,2785,600,13,5,107.2
パーラーゾーン姪浜,2026-09-28,ネオアイムジャグラーEX,411,5.7577,設定6以上目安,5.8204,設定6以上目安,5.8204,設定6以上目安,1314,-10,6,0,99.7
パーラーゾーン姪浜,2026-09-28,ネオアイムジャグラーEX,412,6.1373,設定1未満目安,6.2085,設定1未満目安,6.2085,設定1未満目安,4025,800,20,8,106.6
パーラーゾーン姪浜,2026-09-28,ネオアイムジャグラーEX,413,6.2489,設定1未満目安,6.3228,設定1未満目安,6.3228,設定1未満目安,2998,340,13,9,103.8
パーラーゾーン姪浜,2026-09-28,ネオアイムジャグラーEX,414,5.4798,設定6以上目安,5.5365,設定6以上目安,5.5365,設定6以上目安,1537,-280,4,4,93.9
パーラーゾーン姪浜,2026-09-28,ネオアイムジャグラーEX,415,5.8278,設定6以上目安,5.8919,設定6近辺,5.8919,設定6近辺,3103,590,13,10,106.3
パーラーゾーン姪浜,2026-09-28,ネオアイムジャグラーEX,416,6.1047,設定1未満目安,6.1752,設定1未満目安,6.1752,設定1未満目安,5538,2340,30,17,114.1
パーラーゾーン姪浜,2026-09-28,ネオアイムジャグラーEX,417,5.8883,設定6近辺,5.9538,設定1近辺,5.9538,設定1近辺,1946,-610,6,2,89.6
パーラーゾーン姪浜,2026-09-28,ネオアイムジャグラーEX,418,5.7902,設定6以上目安,5.8535,設定6近辺,5.8535,設定6近辺,3372,-1460,6,10,85.6
パーラーゾーン姪浜,2026-09-28,ネオアイムジャグラーEX,419,5.9838,設定1近辺,6.0515,設定1未満目安,6.0515,設定1未満目安,6860,550,26,24,102.7
パーラーゾーン姪浜,2026-09-28,ネオアイムジャグラーEX,420,6.9432,設定1未満目安,7.0344,設定1未満目安,7.0344,設定1未満目安,1115,-800,3,0,76.1
パーラーゾーン姪浜,2026-09-28,ネオアイムジャグラーEX,421,6.0786,設定1未満目安,6.1485,設定1未満目安,6.1485,設定1未満目安,7762,-980,23,29,95.8
パーラーゾーン姪浜,2026-09-28,ネオアイムジャグラーEX,422,5.9643,設定1近辺,6.0315,設定1未満目安,6.0315,設定1未満目安,562,-330,1,1,80.4
パーラーゾーン姪浜,2026-09-28,ネオアイムジャグラーEX,423,5.6510,設定6以上目安,5.7113,設定6以上目安,5.7113,設定6以上目安,977,-410,2,2,86.0
パーラーゾーン姪浜,2026-09-28,ネオアイムジャグラーEX,424,5.7074,設定6以上目安,5.7690,設定6以上目安,5.7690,設定6以上目安,2328,-580,6,6,91.7
パーラーゾーン姪浜,2026-09-28,ネオアイムジャグラーEX,425,6.1384,設定1未満目安,6.2097,設定1未満目安,6.2097,設定1未満目安,4021,2640,25,14,121.9
パーラーゾーン姪浜,2026-09-28,ネオアイムジャグラーEX,426,5.8073,設定6以上目安,5.8710,設定6近辺,5.8710,設定6近辺,335,-140,1,0,86.1
パーラーゾーン姪浜,2026-09-28,ネオアイムジャグラーEX,427,5.8534,設定6近辺,5.9181,設定6近辺,5.9181,設定6近辺,5580,1030,23,19,106.2
パーラーゾーン姪浜,2026-09-28,ネオアイムジャグラーEX,428,5.4990,設定6以上目安,5.5560,設定6以上目安,5.5560,設定6以上目安,1184,-250,3,3,93.0
パーラーゾーン姪浜,2026-09-28,ネオアイムジャグラーEX,429,5.9517,設定1近辺,6.0186,設定1近辺,6.0186,設定1近辺,3242,-830,8,11,91.5
パーラーゾーン姪浜,2026-09-28,ハッピージャグラーＶＩＩＩ,375,5.7261,設定6以上目安,5.7734,設定6以上目安,5.7734,設定6以上目安,3071,-550,9,8,94.0
パーラーゾーン姪浜,2026-09-28,ハッピージャグラーＶＩＩＩ,376,6.1016,設定1未満目安,6.1553,設定1未満目安,6.1553,設定1未満目安,1016,-230,3,3,92.5
パーラーゾーン姪浜,2026-09-28,ハッピージャグラーＶＩＩＩ,377,6.1313,設定1未満目安,6.1856,設定1未満目安,6.1856,設定1未満目安,965,-750,1,2,74.1
パーラーゾーン姪浜,2026-09-28,ハッピージャグラーＶＩＩＩ,378,5.6197,設定6以上目安,5.6652,設定6以上目安,5.6652,設定6以上目安,1235,-70,5,1,98.1
パーラーゾーン姪浜,2026-09-28,ハッピージャグラーＶＩＩＩ,379,5.6787,設定6以上目安,5.7252,設定6以上目安,5.7252,設定6以上目安,1572,-1090,2,2,76.9
パーラーゾーン姪浜,2026-09-28,ハッピージャグラーＶＩＩＩ,380,6.5603,設定1未満目安,6.6225,設定1未満目安,6.6225,設定1未満目安,432,-470,0,1,63.7
パーラーゾーン姪浜,2026-09-28,ハッピージャグラーＶＩＩＩ,381,6.0539,設定1未満目安,6.1068,設定1未満目安,6.1068,設定1未満目安,538,-170,2,0,89.5
パーラーゾーン姪浜,2026-09-28,ハッピージャグラーＶＩＩＩ,382,5.9529,設定3近辺,6.0041,設定2近辺,6.0041,設定2近辺,7138,1280,33,19,106.0
パーラーゾーン姪浜,2026-09-28,ハッピージャグラーＶＩＩＩ,383,6.4805,設定1未満目安,6.5412,設定1未満目安,6.5412,設定1未満目安,332,50,2,0,105.0
パーラーゾーン姪浜,2026-09-28,ハッピージャグラーＶＩＩＩ,384,5.2454,設定6以上目安,5.2851,設定6以上目安,5.2851,設定6以上目安,1113,-350,2,3,89.5
パーラーゾーン姪浜,2026-09-28,ハッピージャグラーＶＩＩＩ,385,6.0627,設定1未満目安,6.1158,設定1未満目安,6.1158,設定1未満目安,633,-430,1,1,77.4
パーラーゾーン姪浜,2026-09-28,ファンキージャグラー２ＫＴ,353,5.9414,設定1未満目安,6.0080,設定1未満目安,6.0080,設定1未満目安,5193,-190,20,13,98.8
パーラーゾーン姪浜,2026-09-28,ファンキージャグラー２ＫＴ,354,6.0575,設定1未満目安,6.1269,設定1未満目安,6.1269,設定1未満目安,1656,-400,6,2,91.9
パーラーゾーン姪浜,2026-09-28,ファンキージャグラー２ＫＴ,355,5.9018,設定3近辺,5.9676,設定1未満目安,5.9676,設定1未満目安,1436,-560,4,2,87.0
パーラーゾーン姪浜,2026-09-28,ファンキージャグラー２ＫＴ,356,5.7441,設定6以上目安,5.8064,設定5近辺,5.8064,設定5近辺,1955,-1010,4,3,82.8
パーラーゾーン姪浜,2026-09-28,ファンキージャグラー２ＫＴ,357,5.7231,設定6以上目安,5.7850,設定6近辺,5.7850,設定6近辺,1341,-870,2,2,78.4
パーラーゾーン姪浜,2026-09-28,ファンキージャグラー２ＫＴ,358,5.6690,設定6以上目安,5.7297,設定6以上目安,5.7297,設定6以上目安,1582,-310,5,3,93.5
パーラーゾーン姪浜,2026-09-28,ファンキージャグラー２ＫＴ,359,5.7342,設定6以上目安,5.7963,設定5近辺,5.7963,設定5近辺,1789,-190,7,2,96.5
パーラーゾーン姪浜,2026-09-28,ファンキージャグラー２ＫＴ,360,6.4670,設定1未満目安,6.5461,設定1未満目安,6.5461,設定1未満目安,1413,20,7,2,100.5
パーラーゾーン姪浜,2026-09-28,ファンキージャグラー２ＫＴ,361,5.8804,設定3近辺,5.9457,設定1未満目安,5.9457,設定1未満目安,4368,-50,17,11,99.6
パーラーゾーン姪浜,2026-09-28,ファンキージャグラー２ＫＴ,362,6.1479,設定1未満目安,6.2193,設定1未満目安,6.2193,設定1未満目安,3469,-340,13,9,96.7
パーラーゾーン姪浜,2026-09-28,ファンキージャグラー２ＫＴ,363,5.9993,設定1未満目安,6.0673,設定1未満目安,6.0673,設定1未満目安,4159,1190,24,5,109.5
パーラーゾーン姪浜,2026-09-28,マイジャグラーV,386,5.9007,設定1近辺,5.9676,設定1未満目安,5.9676,設定1未満目安,4925,-1160,14,14,92.1
パーラーゾーン姪浜,2026-09-28,マイジャグラーV,387,5.6598,設定6以上目安,5.7214,設定5近辺,5.7214,設定5近辺,2542,240,11,5,103.1
パーラーゾーン姪浜,2026-09-28,マイジャグラーV,388,5.8355,設定3近辺,5.9010,設定1近辺,5.9010,設定1近辺,5572,890,25,15,105.3
パーラーゾーン姪浜,2026-09-28,マイジャグラーV,389,5.5948,設定6以上目安,5.6550,設定6以上目安,5.6550,設定6以上目安,1390,-640,3,2,84.7
パーラーゾーン姪浜,2026-09-28,マイジャグラーV,390,5.8670,設定2近辺,5.9332,設定1未満目安,5.9332,設定1未満目安,4391,-970,14,9,92.6
パーラーゾーン姪浜,2026-09-28,マイジャグラーV,391,5.8731,設定2近辺,5.9395,設定1未満目安,5.9395,設定1未満目安,3950,-310,15,8,97.4
パーラーゾーン姪浜,2026-09-28,マイジャグラーV,392,5.7959,設定4近辺,5.8605,設定2近辺,5.8605,設定2近辺,2967,-820,7,10,90.8
パーラーゾーン姪浜,2026-09-28,マイジャグラーV,393,6.0881,設定1未満目安,6.1594,設定1未満目安,6.1594,設定1未満目安,5013,-130,20,13,99.1
パーラーゾーン姪浜,2026-09-28,マイジャグラーV,394,6.5659,設定1未満目安,6.6489,設定1未満目安,6.6489,設定1未満目安,878,-590,2,1,77.6
パーラーゾーン姪浜,2026-09-28,マイジャグラーV,395,5.7482,設定5近辺,5.8117,設定4近辺,5.8117,設定4近辺,5669,270,22,16,101.6
パーラーゾーン姪浜,2026-09-28,マイジャグラーV,396,6.3410,設定1未満目安,6.4184,設定1未満目安,6.4184,設定1未満目安,6664,1710,34,22,108.6
アウトバーンブリッツ,2026-09-28,ウルトラミラクルジャグラー,121,5.9897,設定1未満目安,6.0582,設定1未満目安,6.0582,設定1未満目安,1469,-147,6,2,96.7
アウトバーンブリッツ,2026-09-28,ウルトラミラクルジャグラー,122,5.7040,設定6以上目安,5.7661,設定6以上目安,5.7661,設定6以上目安,1443,941,10,2,121.7
アウトバーンブリッツ,2026-09-28,ウルトラミラクルジャグラー,145,5.6838,設定6以上目安,5.7455,設定6以上目安,5.7455,設定6以上目安,1315,230,6,3,105.8
アウトバーンブリッツ,2026-09-28,ウルトラミラクルジャグラー,146,6.0130,設定1未満目安,6.0821,設定1未満目安,6.0821,設定1未満目安,814,-414,2,1,83.0
アウトバーンブリッツ,2026-09-28,ゴーゴージャグラー３,153,6.1407,設定3近辺,6.2186,設定2近辺,6.2186,設定2近辺,5012,-418,17,18,97.2
アウトバーンブリッツ,2026-09-28,ゴーゴージャグラー３,154,5.8960,設定6以上目安,5.9678,設定5近辺,5.9678,設定5近辺,2296,-616,6,7,91.1
アウトバーンブリッツ,2026-09-28,ゴーゴージャグラー３,155,6.4174,設定1未満目安,6.5025,設定1未満目安,6.5025,設定1未満目安,2175,200,11,4,103.1
アウトバーンブリッツ,2026-09-28,ゴーゴージャグラー３,156,5.9624,設定5近辺,6.0358,設定4近辺,6.0358,設定4近辺,7591,34,27,28,100.1
アウトバーンブリッツ,2026-09-28,ゴーゴージャグラー３,157,6.0808,設定4近辺,6.1571,設定3近辺,6.1571,設定3近辺,1103,-300,4,1,90.9
アウトバーンブリッツ,2026-09-28,ゴーゴージャグラー３,158,6.2428,設定1近辺,6.3233,設定1未満目安,6.3233,設定1未満目安,4675,1773,26,15,112.6
アウトバーンブリッツ,2026-09-28,ゴーゴージャグラー３,159,6.0258,設定5近辺,6.1007,設定4近辺,6.1007,設定4近辺,3800,-66,13,15,99.4
アウトバーンブリッツ,2026-09-28,ゴーゴージャグラー３,160,5.8209,設定6以上目安,5.8909,設定6以上目安,5.8909,設定6以上目安,2426,-152,8,8,97.9
アウトバーンブリッツ,2026-09-28,ゴーゴージャグラー３,161,6.2570,設定1未満目安,6.3378,設定1未満目安,6.3378,設定1未満目安,2481,-262,8,10,96.5
アウトバーンブリッツ,2026-09-28,ゴーゴージャグラー３,162,6.3794,設定1未満目安,6.4635,設定1未満目安,6.4635,設定1未満目安,5853,1996,35,12,111.4
アウトバーンブリッツ,2026-09-28,ゴーゴージャグラー３,163,6.0786,設定4近辺,6.1549,設定3近辺,6.1549,設定3近辺,782,-385,2,1,83.6
アウトバーンブリッツ,2026-09-28,ゴーゴージャグラー３,164,6.3866,設定1未満目安,6.4709,設定1未満目安,6.4709,設定1未満目安,5804,803,25,24,104.6
アウトバーンブリッツ,2026-09-28,ゴーゴージャグラー３,165,5.4591,設定6以上目安,5.5206,設定6以上目安,5.5206,設定6以上目安,641,-596,0,1,69.0
アウトバーンブリッツ,2026-09-28,ゴーゴージャグラー３,166,5.5440,設定6以上目安,5.6073,設定6以上目安,5.6073,設定6以上目安,1157,-507,2,3,85.4
アウトバーンブリッツ,2026-09-28,ゴーゴージャグラー３,167,5.6277,設定6以上目安,5.6930,設定6以上目安,5.6930,設定6以上目安,5889,968,20,29,105.5
アウトバーンブリッツ,2026-09-28,ゴーゴージャグラー３,168,6.0934,設定4近辺,6.1701,設定3近辺,6.1701,設定3近辺,6764,882,28,26,104.3
アウトバーンブリッツ,2026-09-28,ゴーゴージャグラー３,169,6.0418,設定4近辺,6.1172,設定3近辺,6.1172,設定3近辺,3015,-513,10,8,94.3
アウトバーンブリッツ,2026-09-28,ゴーゴージャグラー３,170,5.9028,設定6以上目安,5.9747,設定5近辺,5.9747,設定5近辺,7991,3885,41,37,116.2
アウトバーンブリッツ,2026-09-28,ゴーゴージャグラー３,171,6.0702,設定4近辺,6.1463,設定3近辺,6.1463,設定3近辺,7935,2503,37,35,110.5
アウトバーンブリッツ,2026-09-28,ジャグラーガールズSS,119,6.0659,設定1未満目安,6.1416,設定1未満目安,6.1416,設定1未満目安,906,497,6,1,118.3
アウトバーンブリッツ,2026-09-28,ジャグラーガールズSS,120,6.6028,設定1未満目安,6.6926,設定1未満目安,6.6926,設定1未満目安,1883,-171,7,6,97.0
アウトバーンブリッツ,2026-09-28,ジャグラーガールズSS,147,5.7694,設定6以上目安,5.8378,設定6以上目安,5.8378,設定6以上目安,612,-613,0,1,66.6
アウトバーンブリッツ,2026-09-28,ジャグラーガールズSS,148,6.1872,設定1未満目安,6.2660,設定1未満目安,6.2660,設定1未満目安,234,-293,0,0,58.3
アウトバーンブリッツ,2026-09-28,ネオアイムジャグラーEX,124,5.9537,設定1近辺,6.0207,設定1近辺,6.0207,設定1近辺,1240,-605,2,4,83.7
アウトバーンブリッツ,2026-09-28,ネオアイムジャグラーEX,125,6.1360,設定1未満目安,6.2072,設定1未満目安,6.2072,設定1未満目安,4013,-1548,11,7,87.1
アウトバーンブリッツ,2026-09-28,ネオアイムジャグラーEX,126,5.8874,設定6近辺,5.9529,設定1近辺,5.9529,設定1近辺,1297,-342,4,2,91.2
アウトバーンブリッツ,2026-09-28,ネオアイムジャグラーEX,127,6.2015,設定1未満目安,6.2742,設定1未満目安,6.2742,設定1未満目安,2945,-260,11,7,97.1
アウトバーンブリッツ,2026-09-28,ネオアイムジャグラーEX,128,5.9091,設定6近辺,5.9751,設定1近辺,5.9751,設定1近辺,2847,105,12,5,101.2
アウトバーンブリッツ,2026-09-28,ネオアイムジャグラーEX,129,6.3848,設定1未満目安,6.4619,設定1未満目安,6.4619,設定1未満目安,3447,1129,18,11,110.9
アウトバーンブリッツ,2026-09-28,ネオアイムジャグラーEX,130,5.8062,設定6以上目安,5.8698,設定6近辺,5.8698,設定6近辺,3214,728,14,10,107.6
アウトバーンブリッツ,2026-09-28,ネオアイムジャグラーEX,131,5.7699,設定6以上目安,5.8328,設定6以上目安,5.8328,設定6以上目安,3374,6,11,12,100.1
アウトバーンブリッツ,2026-09-28,ネオアイムジャグラーEX,132,6.2351,設定1未満目安,6.3086,設定1未満目安,6.3086,設定1未満目安,1704,533,8,7,110.4
アウトバーンブリッツ,2026-09-28,ネオアイムジャグラーEX,133,5.7440,設定6以上目安,5.8063,設定6以上目安,5.8063,設定6以上目安,5866,-319,18,20,98.2
アウトバーンブリッツ,2026-09-28,ネオアイムジャグラーEX,134,5.9229,設定6近辺,5.9892,設定1近辺,5.9892,設定1近辺,5192,-1247,14,15,92.0
アウトバーンブリッツ,2026-09-28,ネオアイムジャグラーEX,135,5.9976,設定1近辺,6.0655,設定1未満目安,6.0655,設定1未満目安,3984,408,17,10,103.4
アウトバーンブリッツ,2026-09-28,ネオアイムジャグラーEX,136,6.1565,設定1未満目安,6.2282,設定1未満目安,6.2282,設定1未満目安,3661,-154,16,4,98.6
アウトバーンブリッツ,2026-09-28,ネオアイムジャグラーEX,137,5.8998,設定6近辺,5.9656,設定1近辺,5.9656,設定1近辺,6138,1517,24,29,108.2
アウトバーンブリッツ,2026-09-28,ネオアイムジャグラーEX,138,5.8382,設定6以上目安,5.9026,設定6近辺,5.9026,設定6近辺,5523,1057,22,21,106.4
アウトバーンブリッツ,2026-09-28,ネオアイムジャグラーEX,139,5.8065,設定6以上目安,5.8701,設定6近辺,5.8701,設定6近辺,2536,1293,15,5,117.0
アウトバーンブリッツ,2026-09-28,ネオアイムジャグラーEX,140,5.8656,設定6近辺,5.9306,設定6近辺,5.9306,設定6近辺,1262,-198,4,3,94.8
アウトバーンブリッツ,2026-09-28,ネオアイムジャグラーEX,141,6.2199,設定1未満目安,6.2930,設定1未満目安,6.2930,設定1未満目安,6462,8,24,22,100.0
アウトバーンブリッツ,2026-09-28,ネオアイムジャグラーEX,142,6.1459,設定1未満目安,6.2173,設定1未満目安,6.2173,設定1未満目安,1963,-1582,0,9,73.1
アウトバーンブリッツ,2026-09-28,ネオアイムジャグラーEX,143,6.2960,設定1未満目安,6.3710,設定1未満目安,6.3710,設定1未満目安,5049,1112,22,21,107.3
アウトバーンブリッツ,2026-09-28,ハッピージャグラーＶＩＩＩ,89,6.1090,設定1未満目安,6.1629,設定1未満目安,6.1629,設定1未満目安,1254,-522,3,3,86.1
アウトバーンブリッツ,2026-09-28,ハッピージャグラーＶＩＩＩ,90,5.5357,設定6以上目安,5.5799,設定6以上目安,5.5799,設定6以上目安,1101,774,7,3,123.4
アウトバーンブリッツ,2026-09-28,ハッピージャグラーＶＩＩＩ,91,6.0040,設定2近辺,6.0561,設定1未満目安,6.0561,設定1未満目安,4366,3365,27,22,125.7
アウトバーンブリッツ,2026-09-28,ハッピージャグラーＶＩＩＩ,92,5.2163,設定6以上目安,5.2555,設定6以上目安,5.2555,設定6以上目安,747,-216,1,3,90.4
アウトバーンブリッツ,2026-09-28,ハッピージャグラーＶＩＩＩ,93,6.2059,設定1未満目安,6.2616,設定1未満目安,6.2616,設定1未満目安,4157,-981,13,11,92.1
アウトバーンブリッツ,2026-09-28,ハッピージャグラーＶＩＩＩ,94,4.7554,設定6以上目安,4.7880,設定6以上目安,4.7880,設定6以上目安,701,-354,1,0,83.2
アウトバーンブリッツ,2026-09-28,ハッピージャグラーＶＩＩＩ,95,5.8459,設定5近辺,5.8953,設定4近辺,5.8953,設定4近辺,2488,231,11,5,103.1
アウトバーンブリッツ,2026-09-28,ハッピージャグラーＶＩＩＩ,96,6.0291,設定1近辺,6.0816,設定1未満目安,6.0816,設定1未満目安,5983,2164,33,15,112.1
アウトバーンブリッツ,2026-09-28,ハッピージャグラーＶＩＩＩ,97,6.4010,設定1未満目安,6.4601,設定1未満目安,6.4601,設定1未満目安,2380,-454,8,7,93.6
アウトバーンブリッツ,2026-09-28,ハッピージャグラーＶＩＩＩ,98,6.1017,設定1未満目安,6.1555,設定1未満目安,6.1555,設定1未満目安,2384,311,11,6,104.3
アウトバーンブリッツ,2026-09-28,ハッピージャグラーＶＩＩＩ,99,5.4252,設定6以上目安,5.4676,設定6以上目安,5.4676,設定6以上目安,636,-335,1,1,82.4
アウトバーンブリッツ,2026-09-28,ハッピージャグラーＶＩＩＩ,100,6.4903,設定1未満目安,6.5512,設定1未満目安,6.5512,設定1未満目安,1249,-180,4,5,95.2
アウトバーンブリッツ,2026-09-28,ハッピージャグラーＶＩＩＩ,101,5.9373,設定3近辺,5.9881,設定3近辺,5.9881,設定3近辺,6108,795,25,21,104.3
アウトバーンブリッツ,2026-09-28,ハッピージャグラーＶＩＩＩ,102,5.9173,設定4近辺,5.9678,設定3近辺,5.9678,設定3近辺,5662,676,25,14,104.0
アウトバーンブリッツ,2026-09-28,ファンキージャグラー２ＫＴ,77,5.7301,設定6以上目安,5.7921,設定5近辺,5.7921,設定5近辺,3252,-673,10,7,93.1
アウトバーンブリッツ,2026-09-28,ファンキージャグラー２ＫＴ,78,6.3189,設定1未満目安,6.3944,設定1未満目安,6.3944,設定1未満目安,1349,-481,4,3,88.1
アウトバーンブリッツ,2026-09-28,ファンキージャグラー２ＫＴ,79,6.0034,設定1未満目安,6.0715,設定1未満目安,6.0715,設定1未満目安,1413,-325,5,2,92.3
アウトバーンブリッツ,2026-09-28,ファンキージャグラー２ＫＴ,80,6.0393,設定1未満目安,6.1082,設定1未満目安,6.1082,設定1未満目安,7890,910,32,30,103.8
アウトバーンブリッツ,2026-09-28,ファンキージャグラー２ＫＴ,81,5.6850,設定6以上目安,5.7460,設定6以上目安,5.7460,設定6以上目安,1032,-265,3,2,91.4
アウトバーンブリッツ,2026-09-28,ファンキージャグラー２ＫＴ,82,5.3126,設定6以上目安,5.3659,設定6以上目安,5.3659,設定6以上目安,2077,-196,7,3,96.9
アウトバーンブリッツ,2026-09-28,ファンキージャグラー２ＫＴ,83,5.5594,設定6以上目安,5.6177,設定6以上目安,5.6177,設定6以上目安,1389,92,6,2,102.2
アウトバーンブリッツ,2026-09-28,ファンキージャグラー２ＫＴ,84,5.6596,設定6以上目安,5.7201,設定6以上目安,5.7201,設定6以上目安,3152,-119,10,11,98.7
アウトバーンブリッツ,2026-09-28,ファンキージャグラー２ＫＴ,85,5.7725,設定6近辺,5.8354,設定4近辺,5.8354,設定4近辺,1001,-491,2,2,83.6
アウトバーンブリッツ,2026-09-28,ファンキージャグラー２ＫＴ,86,6.3478,設定1未満目安,6.4240,設定1未満目安,6.4240,設定1未満目安,2463,-243,9,8,96.7
アウトバーンブリッツ,2026-09-28,ファンキージャグラー２ＫＴ,87,7.2850,設定1未満目安,7.3855,設定1未満目安,7.3855,設定1未満目安,476,-210,2,0,85.3
アウトバーンブリッツ,2026-09-28,ファンキージャグラー２ＫＴ,88,5.6990,設定6以上目安,5.7603,設定6以上目安,5.7603,設定6以上目安,6710,3220,37,21,116.0
アウトバーンブリッツ,2026-09-28,ファンキージャグラー２ＫＴ,103,5.8503,設定4近辺,5.9150,設定2近辺,5.9150,設定2近辺,710,-502,1,1,76.4
アウトバーンブリッツ,2026-09-28,ファンキージャグラー２ＫＴ,104,5.9090,設定2近辺,5.9750,設定1未満目安,5.9750,設定1未満目安,2806,394,14,4,104.7
アウトバーンブリッツ,2026-09-28,ファンキージャグラー２ＫＴ,105,6.1834,設定1未満目安,6.2557,設定1未満目安,6.2557,設定1未満目安,1709,-559,5,4,89.1
アウトバーンブリッツ,2026-09-28,ファンキージャグラー２ＫＴ,106,5.8223,設定4近辺,5.8863,設定3近辺,5.8863,設定3近辺,1422,-997,2,2,76.6
アウトバーンブリッツ,2026-09-28,ファンキージャグラー２ＫＴ,107,5.6489,設定6以上目安,5.7092,設定6以上目安,5.7092,設定6以上目安,4174,365,18,8,102.9
アウトバーンブリッツ,2026-09-28,ファンキージャグラー２ＫＴ,108,6.1401,設定1未満目安,6.2114,設定1未満目安,6.2114,設定1未満目安,1691,103,8,3,102.0
アウトバーンブリッツ,2026-09-28,ファンキージャグラー２ＫＴ,109,5.9348,設定2近辺,6.0014,設定1未満目安,6.0014,設定1未満目安,3254,320,14,9,103.3
アウトバーンブリッツ,2026-09-28,ファンキージャグラー２ＫＴ,110,6.0981,設定1未満目安,6.1684,設定1未満目安,6.1684,設定1未満目安,318,-57,1,1,94.0
アウトバーンブリッツ,2026-09-28,ファンキージャグラー２ＫＴ,111,5.7729,設定6近辺,5.8358,設定4近辺,5.8358,設定4近辺,5002,572,21,14,103.8
アウトバーンブリッツ,2026-09-28,ファンキージャグラー２ＫＴ,112,6.0743,設定1未満目安,6.1441,設定1未満目安,6.1441,設定1未満目安,2566,-278,10,5,96.4
アウトバーンブリッツ,2026-09-28,ファンキージャグラー２ＫＴ,113,5.6650,設定6以上目安,5.7256,設定6以上目安,5.7256,設定6以上目安,664,62,3,1,103.1
アウトバーンブリッツ,2026-09-28,ファンキージャグラー２ＫＴ,114,5.3346,設定6以上目安,5.3883,設定6以上目安,5.3883,設定6以上目安,3474,-185,12,6,98.2
アウトバーンブリッツ,2026-09-28,マイジャグラーV,115,5.8433,設定3近辺,5.9090,設定1近辺,5.9090,設定1近辺,1669,-813,4,2,83.8
アウトバーンブリッツ,2026-09-28,マイジャグラーV,116,5.6631,設定6以上目安,5.7247,設定5近辺,5.7247,設定5近辺,6137,866,25,19,104.7
アウトバーンブリッツ,2026-09-28,マイジャグラーV,117,6.0221,設定1未満目安,6.0919,設定1未満目安,6.0919,設定1未満目安,5468,1068,27,13,106.5
アウトバーンブリッツ,2026-09-28,マイジャグラーV,118,5.9500,設定1未満目安,6.0181,設定1未満目安,6.0181,設定1未満目安,7791,620,30,29,102.7
アウトバーンブリッツ,2026-09-28,マイジャグラーV,149,5.9422,設定1未満目安,6.0101,設定1未満目安,6.0101,設定1未満目安,5611,-350,19,19,97.9
アウトバーンブリッツ,2026-09-28,マイジャグラーV,150,5.8999,設定1近辺,5.9668,設定1未満目安,5.9668,設定1未満目安,9224,395,33,36,101.4
アウトバーンブリッツ,2026-09-28,マイジャグラーV,151,5.7265,設定5近辺,5.7895,設定4近辺,5.7895,設定4近辺,4658,-410,15,14,97.1
アウトバーンブリッツ,2026-09-28,マイジャグラーV,152,5.7282,設定5近辺,5.7913,設定4近辺,5.7913,設定4近辺,4331,-804,11,16,93.8
アウトバーンブリッツ,2026-09-28,ミスタージャグラー,123,5.9674,設定6以上目安,6.0304,設定6近辺,6.0304,設定6近辺,2098,546,10,7,108.7
アウトバーンブリッツ,2026-09-28,ミスタージャグラー,144,5.8052,設定6以上目安,5.8647,設定6以上目安,5.8647,設定6以上目安,2402,270,10,7,103.7
ワンダーランド西新,2026-09-28,ゴーゴージャグラー３,1801,6.1850,設定2近辺,6.2639,設定1未満目安,6.2639,設定1未満目安,3252,-1190,8,10,87.8
ワンダーランド西新,2026-09-28,ゴーゴージャグラー３,1802,5.2682,設定6以上目安,5.3254,設定6以上目安,5.3254,設定6以上目安,945,-490,2,0,82.7
ワンダーランド西新,2026-09-28,ゴーゴージャグラー３,1803,5.9345,設定6近辺,6.0072,設定5近辺,6.0072,設定5近辺,2290,-197,7,9,97.1
ワンダーランド西新,2026-09-28,ゴーゴージャグラー３,1804,6.0136,設定5近辺,6.0882,設定4近辺,6.0882,設定4近辺,1472,-492,5,1,88.9
ワンダーランド西新,2026-09-28,ゴーゴージャグラー３,1805,6.3576,設定1未満目安,6.4411,設定1未満目安,6.4411,設定1未満目安,1350,-393,4,4,90.3
ワンダーランド西新,2026-09-28,ゴーゴージャグラー３,1806,6.4407,設定1未満目安,6.5264,設定1未満目安,6.5264,設定1未満目安,2443,-495,6,13,93.2
ワンダーランド西新,2026-09-28,ゴーゴージャグラー３,1807,6.2976,設定1未満目安,6.3795,設定1未満目安,6.3795,設定1未満目安,4125,310,18,13,102.5
ワンダーランド西新,2026-09-28,ゴーゴージャグラー３,1808,6.1035,設定4近辺,6.1804,設定2近辺,6.1804,設定2近辺,1844,508,8,9,109.2
ワンダーランド西新,2026-09-28,ゴーゴージャグラー３,1809,5.6081,設定6以上目安,5.6730,設定6以上目安,5.6730,設定6以上目安,1941,-299,7,2,94.9
ワンダーランド西新,2026-09-28,ゴーゴージャグラー３,1810,6.2202,設定2近辺,6.3001,設定1未満目安,6.3001,設定1未満目安,2113,-596,7,4,90.6
ワンダーランド西新,2026-09-28,ゴーゴージャグラー３,1811,5.9103,設定6以上目安,5.9824,設定5近辺,5.9824,設定5近辺,1050,-195,4,1,93.8
ワンダーランド西新,2026-09-28,ゴーゴージャグラー３,1812,6.7916,設定1未満目安,6.8870,設定1未満目安,6.8870,設定1未満目安,1057,-293,4,2,90.8
ワンダーランド西新,2026-09-28,ゴーゴージャグラー３,1813,6.3702,設定1未満目安,6.4540,設定1未満目安,6.4540,設定1未満目安,3583,-299,12,15,97.2
ワンダーランド西新,2026-09-28,ゴーゴージャグラー３,1814,6.9163,設定1未満目安,7.0152,設定1未満目安,7.0152,設定1未満目安,770,-493,2,1,78.7
ワンダーランド西新,2026-09-28,ゴーゴージャグラー３,1815,6.0144,設定5近辺,6.0891,設定4近辺,6.0891,設定4近辺,7237,2920,38,27,113.4
ワンダーランド西新,2026-09-28,ゴーゴージャグラー３,1816,5.4294,設定6以上目安,5.4902,設定6以上目安,5.4902,設定6以上目安,573,202,3,1,111.8
ワンダーランド西新,2026-09-28,ゴーゴージャグラー３,1817,5.5893,設定6以上目安,5.6537,設定6以上目安,5.6537,設定6以上目安,431,-192,0,3,85.2
ワンダーランド西新,2026-09-28,ゴーゴージャグラー３,1818,5.6686,設定6以上目安,5.7349,設定6以上目安,5.7349,設定6以上目安,3545,109,12,13,101.0
ワンダーランド西新,2026-09-28,ゴーゴージャグラー３,1819,5.6262,設定6以上目安,5.6915,設定6以上目安,5.6915,設定6以上目安,975,201,5,1,106.9
ワンダーランド西新,2026-09-28,ゴーゴージャグラー３,1820,6.5902,設定1未満目安,6.6800,設定1未満目安,6.6800,設定1未満目安,1773,-392,7,3,92.6
ワンダーランド西新,2026-09-28,ジャグラーガールズSS,1625,6.0624,設定1未満目安,6.1380,設定1未満目安,6.1380,設定1未満目安,2297,-595,5,10,91.4
ワンダーランド西新,2026-09-28,ジャグラーガールズSS,1838,6.0532,設定1未満目安,6.1286,設定1未満目安,6.1286,設定1未満目安,2246,0,9,5,100.0
ワンダーランド西新,2026-09-28,ジャグラーガールズSS,1839,5.9838,設定1近辺,6.0574,設定1未満目安,6.0574,設定1未満目安,4285,-497,14,12,96.1
ワンダーランド西新,2026-09-28,ジャグラーガールズSS,1840,6.1952,設定1未満目安,6.2741,設定1未満目安,6.2741,設定1未満目安,2309,-999,6,4,85.6
ワンダーランド西新,2026-09-28,ネオアイムジャグラーEX,1626,6.1548,設定1未満目安,6.2264,設定1未満目安,6.2264,設定1未満目安,1807,-299,7,2,94.5
ワンダーランド西新,2026-09-28,ネオアイムジャグラーEX,1627,5.2740,設定6以上目安,5.3265,設定6以上目安,5.3265,設定6以上目安,810,-391,1,2,83.9
ワンダーランド西新,2026-09-28,ネオアイムジャグラーEX,1628,5.9115,設定6近辺,5.9775,設定1近辺,5.9775,設定1近辺,4809,-296,14,20,97.9
ワンダーランド西新,2026-09-28,ネオアイムジャグラーEX,1629,5.7127,設定6以上目安,5.7743,設定6以上目安,5.7743,設定6以上目安,3828,2208,22,11,119.2
ワンダーランド西新,2026-09-28,ネオアイムジャグラーEX,1630,6.0932,設定1未満目安,6.1633,設定1未満目安,6.1633,設定1未満目安,1380,0,6,2,100.0
ワンダーランド西新,2026-09-28,ネオアイムジャグラーEX,1631,5.0295,設定6以上目安,5.0772,設定6以上目安,5.0772,設定6以上目安,676,-299,1,1,85.3
ワンダーランド西新,2026-09-28,ネオアイムジャグラーEX,1632,7.8447,設定1未満目安,7.9614,設定1未満目安,7.9614,設定1未満目安,358,-295,1,0,72.5
ワンダーランド西新,2026-09-28,ネオアイムジャグラーEX,1633,6.0224,設定1近辺,6.0909,設定1未満目安,6.0909,設定1未満目安,5033,1003,23,14,106.6
ワンダーランド西新,2026-09-28,ネオアイムジャグラーEX,1634,6.1098,設定1未満目安,6.1803,設定1未満目安,6.1803,設定1未満目安,2253,-390,8,4,94.2
ワンダーランド西新,2026-09-28,ネオアイムジャグラーEX,1701,6.2206,設定1未満目安,6.2938,設定1未満目安,6.2938,設定1未満目安,3508,-1798,7,9,82.9
ワンダーランド西新,2026-09-28,ネオアイムジャグラーEX,1702,5.8696,設定6近辺,5.9347,設定6近辺,5.9347,設定6近辺,3453,-491,12,6,95.3
ワンダーランド西新,2026-09-28,ネオアイムジャグラーEX,1703,5.9128,設定6近辺,5.9788,設定1近辺,5.9788,設定1近辺,2994,-97,10,10,98.9
ワンダーランド西新,2026-09-28,ネオアイムジャグラーEX,1704,5.8317,設定6以上目安,5.8959,設定6近辺,5.8959,設定6近辺,2939,-696,6,13,92.1
ワンダーランド西新,2026-09-28,ネオアイムジャグラーEX,1705,5.9484,設定1近辺,6.0152,設定1近辺,6.0152,設定1近辺,1775,-491,5,4,90.8
ワンダーランド西新,2026-09-28,ネオアイムジャグラーEX,1706,5.8662,設定6近辺,5.9312,設定6近辺,5.9312,設定6近辺,2011,-197,6,7,96.7
ワンダーランド西新,2026-09-28,ネオアイムジャグラーEX,1707,5.6982,設定6以上目安,5.7595,設定6以上目安,5.7595,設定6以上目安,786,-299,2,1,87.3
ワンダーランド西新,2026-09-28,ネオアイムジャグラーEX,1708,6.0108,設定1近辺,6.0791,設定1未満目安,6.0791,設定1未満目安,3501,1008,19,5,109.6
ワンダーランド西新,2026-09-28,ネオアイムジャグラーEX,1709,5.6637,設定6以上目安,5.7243,設定6以上目安,5.7243,設定6以上目安,3106,206,11,10,102.2
ワンダーランド西新,2026-09-28,ネオアイムジャグラーEX,1710,5.2423,設定6以上目安,5.2941,設定6以上目安,5.2941,設定6以上目安,969,-198,2,3,93.2
ワンダーランド西新,2026-09-28,ネオアイムジャグラーEX,1711,5.6974,設定6以上目安,5.7587,設定6以上目安,5.7587,設定6以上目安,2925,-597,9,5,93.2
ワンダーランド西新,2026-09-28,ネオアイムジャグラーEX,1712,5.4855,設定6以上目安,5.5423,設定6以上目安,5.5423,設定6以上目安,638,-95,2,1,95.0
ワンダーランド西新,2026-09-28,ネオアイムジャグラーEX,1713,6.3546,設定1未満目安,6.4310,設定1未満目安,6.4310,設定1未満目安,2358,-1491,5,3,78.9
ワンダーランド西新,2026-09-28,ネオアイムジャグラーEX,1714,5.1207,設定6以上目安,5.1701,設定6以上目安,5.1701,設定6以上目安,755,-396,1,1,82.5
ワンダーランド西新,2026-09-28,ネオアイムジャグラーEX,1715,5.9171,設定6近辺,5.9833,設定1近辺,5.9833,設定1近辺,2943,-795,7,10,91.0
ワンダーランド西新,2026-09-28,ネオアイムジャグラーEX,1716,6.0831,設定1未満目安,6.1531,設定1未満目安,6.1531,設定1未満目安,2747,-1298,6,6,84.2
ワンダーランド西新,2026-09-28,ネオアイムジャグラーEX,1717,5.9626,設定1近辺,6.0298,設定1未満目安,6.0298,設定1未満目安,1524,-890,3,2,80.5
ワンダーランド西新,2026-09-28,ネオアイムジャグラーEX,1718,5.8147,設定6以上目安,5.8786,設定6近辺,5.8786,設定6近辺,5020,1509,24,14,110.0
ワンダーランド西新,2026-09-28,ネオアイムジャグラーEX,1719,5.9029,設定6近辺,5.9687,設定1近辺,5.9687,設定1近辺,743,-790,0,1,64.6
ワンダーランド西新,2026-09-28,ネオアイムジャグラーEX,1720,6.4101,設定1未満目安,6.4878,設定1未満目安,6.4878,設定1未満目安,1288,-498,2,7,87.1
ワンダーランド西新,2026-09-28,ネオアイムジャグラーEX,1721,6.1386,設定1未満目安,6.2099,設定1未満目安,6.2099,設定1未満目安,3595,206,14,12,101.9
ワンダーランド西新,2026-09-28,ネオアイムジャグラーEX,1722,6.3500,設定1未満目安,6.4262,設定1未満目安,6.4262,設定1未満目安,462,-499,0,1,64.0
ワンダーランド西新,2026-09-28,ネオアイムジャグラーEX,1723,5.8659,設定6近辺,5.9309,設定6近辺,5.9309,設定6近辺,4491,-97,15,15,99.3
ワンダーランド西新,2026-09-28,ネオアイムジャグラーEX,1724,5.9680,設定1近辺,6.0353,設定1未満目安,6.0353,設定1未満目安,2017,1009,11,7,116.7
ワンダーランド西新,2026-09-28,ネオアイムジャグラーEX,1725,5.3983,設定6以上目安,5.4533,設定6以上目安,5.4533,設定6以上目安,608,-396,1,0,78.3
ワンダーランド西新,2026-09-28,ネオアイムジャグラーEX,1726,5.9236,設定6近辺,5.9899,設定1近辺,5.9899,設定1近辺,3129,202,13,7,102.2
ワンダーランド西新,2026-09-28,ネオアイムジャグラーEX,1727,5.6173,設定6以上目安,5.6769,設定6以上目安,5.6769,設定6以上目安,348,-391,0,0,62.5
ワンダーランド西新,2026-09-28,ネオアイムジャグラーEX,1728,4.1987,設定6以上目安,4.2319,設定6以上目安,4.2319,設定6以上目安,302,-194,0,0,78.6
ワンダーランド西新,2026-09-28,ネオアイムジャグラーEX,1729,5.7921,設定6以上目安,5.8555,設定6近辺,5.8555,設定6近辺,5464,1210,24,16,107.4
ワンダーランド西新,2026-09-28,ネオアイムジャグラーEX,1730,5.0141,設定6以上目安,5.0615,設定6以上目安,5.0615,設定6以上目安,879,-393,1,2,85.1
ワンダーランド西新,2026-09-28,ネオアイムジャグラーEX,1731,6.2287,設定1未満目安,6.3020,設定1未満目安,6.3020,設定1未満目安,1443,205,5,8,104.7
ワンダーランド西新,2026-09-28,ネオアイムジャグラーEX,1732,5.7376,設定6以上目安,5.7998,設定6以上目安,5.7998,設定6以上目安,3572,-196,11,12,98.2
ワンダーランド西新,2026-09-28,ネオアイムジャグラーEX,1733,5.7916,設定6以上目安,5.8550,設定6近辺,5.8550,設定6近辺,3467,0,13,8,100.0
ワンダーランド西新,2026-09-28,ネオアイムジャグラーEX,1734,5.9532,設定1近辺,6.0202,設定1近辺,6.0202,設定1近辺,3119,-1091,6,12,88.3
ワンダーランド西新,2026-09-28,ネオアイムジャグラーEX,1735,5.6415,設定6以上目安,5.7016,設定6以上目安,5.7016,設定6以上目安,617,-697,0,0,62.3
ワンダーランド西新,2026-09-28,ネオアイムジャグラーEX,1736,5.9103,設定6近辺,5.9763,設定1近辺,5.9763,設定1近辺,3945,-595,11,14,95.0
ワンダーランド西新,2026-09-28,ハッピージャグラーＶＩＩＩ,1832,5.6564,設定6以上目安,5.7026,設定6以上目安,5.7026,設定6以上目安,2688,506,11,9,106.3
ワンダーランド西新,2026-09-28,ハッピージャグラーＶＩＩＩ,1833,5.9588,設定3近辺,6.0100,設定2近辺,6.0100,設定2近辺,1363,302,6,5,107.4
ワンダーランド西新,2026-09-28,ハッピージャグラーＶＩＩＩ,1834,6.5702,設定1未満目安,6.6325,設定1未満目安,6.6325,設定1未満目安,1689,-392,6,4,92.3
ワンダーランド西新,2026-09-28,ハッピージャグラーＶＩＩＩ,1835,5.8104,設定6以上目安,5.8591,設定4近辺,5.8591,設定4近辺,805,-496,1,2,79.5
ワンダーランド西新,2026-09-28,ハッピージャグラーＶＩＩＩ,1836,5.9424,設定3近辺,5.9933,設定3近辺,5.9933,設定3近辺,3490,910,15,15,108.7
ワンダーランド西新,2026-09-28,ハッピージャグラーＶＩＩＩ,1837,5.8090,設定6以上目安,5.8577,設定4近辺,5.8577,設定4近辺,2112,110,7,9,101.7
ワンダーランド西新,2026-09-28,ファンキージャグラー２ＫＴ,1821,5.1606,設定6以上目安,5.2108,設定6以上目安,5.2108,設定6以上目安,1207,-292,3,2,91.9
ワンダーランド西新,2026-09-28,ファンキージャグラー２ＫＴ,1822,6.0604,設定1未満目安,6.1298,設定1未満目安,6.1298,設定1未満目安,5815,301,25,15,101.7
ワンダーランド西新,2026-09-28,ファンキージャグラー２ＫＴ,1823,5.3752,設定6以上目安,5.4298,設定6以上目安,5.4298,設定6以上目安,690,-491,1,0,76.3
ワンダーランド西新,2026-09-28,ファンキージャグラー２ＫＴ,1824,5.6181,設定6以上目安,5.6777,設定6以上目安,5.6777,設定6以上目安,2198,-694,5,6,89.5
ワンダーランド西新,2026-09-28,ファンキージャグラー２ＫＴ,1825,5.6659,設定6以上目安,5.7265,設定6以上目安,5.7265,設定6以上目安,4331,409,19,8,103.1
ワンダーランド西新,2026-09-28,ファンキージャグラー２ＫＴ,1826,5.7378,設定6以上目安,5.8000,設定5近辺,5.8000,設定5近辺,3525,206,15,7,101.9
ワンダーランド西新,2026-09-28,ファンキージャグラー２ＫＴ,1827,5.6972,設定6以上目安,5.7585,設定6以上目安,5.7585,設定6以上目安,2125,-798,4,7,87.5
ワンダーランド西新,2026-09-28,ファンキージャグラー２ＫＴ,1828,6.0665,設定1未満目安,6.1361,設定1未満目安,6.1361,設定1未満目安,4611,1101,23,13,108.0
ワンダーランド西新,2026-09-28,ファンキージャグラー２ＫＴ,1829,5.7092,設定6以上目安,5.7708,設定6近辺,5.7708,設定6近辺,2403,-595,7,5,91.7
ワンダーランド西新,2026-09-28,ファンキージャグラー２ＫＴ,1830,5.4432,設定6以上目安,5.4991,設定6以上目安,5.4991,設定6以上目安,1436,-396,4,2,90.8
ワンダーランド西新,2026-09-28,ファンキージャグラー２ＫＴ,1831,5.8891,設定3近辺,5.9547,設定1未満目安,5.9547,設定1未満目安,1569,-90,5,6,98.1
ワンダーランド西新,2026-09-28,マイジャグラーV,1601,5.7747,設定5近辺,5.8389,設定3近辺,5.8389,設定3近辺,4606,508,20,11,103.7
ワンダーランド西新,2026-09-28,マイジャグラーV,1602,5.8485,設定3近辺,5.9143,設定1未満目安,5.9143,設定1未満目安,4116,-291,15,10,97.6
ワンダーランド西新,2026-09-28,マイジャグラーV,1603,5.8932,設定1近辺,5.9600,設定1未満目安,5.9600,設定1未満目安,3128,-695,9,9,92.6
ワンダーランド西新,2026-09-28,マイジャグラーV,1604,5.7109,設定6近辺,5.7736,設定5近辺,5.7736,設定5近辺,2589,1210,17,1,115.6
ワンダーランド西新,2026-09-28,マイジャグラーV,1605,6.0761,設定1未満目安,6.1471,設定1未満目安,6.1471,設定1未満目安,1832,-93,7,5,98.3
ワンダーランド西新,2026-09-28,マイジャグラーV,1606,5.9427,設定1未満目安,6.0106,設定1未満目安,6.0106,設定1未満目安,6387,1406,29,22,107.3
ワンダーランド西新,2026-09-28,マイジャグラーV,1607,6.0909,設定1未満目安,6.1623,設定1未満目安,6.1623,設定1未満目安,6107,-90,23,20,99.5
ワンダーランド西新,2026-09-28,マイジャグラーV,1608,5.6198,設定6以上目安,5.6806,設定6近辺,5.6806,設定6近辺,1318,-1192,0,3,69.9
ワンダーランド西新,2026-09-28,マイジャグラーV,1609,5.7305,設定5近辺,5.7936,設定4近辺,5.7936,設定4近辺,2028,307,9,5,105.0
ワンダーランド西新,2026-09-28,マイジャグラーV,1610,5.6233,設定6以上目安,5.6841,設定6近辺,5.6841,設定6近辺,6834,-192,22,23,99.1
ワンダーランド西新,2026-09-28,マイジャグラーV,1611,6.0126,設定1未満目安,6.0822,設定1未満目安,6.0822,設定1未満目安,5910,-994,19,17,94.4
ワンダーランド西新,2026-09-28,マイジャグラーV,1612,6.0129,設定1未満目安,6.0824,設定1未満目安,6.0824,設定1未満目安,727,-596,0,3,72.7
ワンダーランド西新,2026-09-28,マイジャグラーV,1613,5.9087,設定1近辺,5.9758,設定1未満目安,5.9758,設定1未満目安,1865,-592,4,7,89.4
ワンダーランド西新,2026-09-28,マイジャグラーV,1614,5.5686,設定6以上目安,5.6282,設定6以上目安,5.6282,設定6以上目安,2204,-190,7,6,97.1
ワンダーランド西新,2026-09-28,マイジャグラーV,1615,5.9024,設定1近辺,5.9694,設定1未満目安,5.9694,設定1未満目安,5365,1002,20,27,106.2
ワンダーランド西新,2026-09-28,マイジャグラーV,1616,6.1162,設定1未満目安,6.1882,設定1未満目安,6.1882,設定1未満目安,4236,-494,15,12,96.1
ワンダーランド西新,2026-09-28,マイジャグラーV,1617,4.8296,設定6以上目安,4.8744,設定6以上目安,4.8744,設定6以上目安,1409,-198,4,1,95.3
ワンダーランド西新,2026-09-28,マイジャグラーV,1618,5.7751,設定5近辺,5.8393,設定3近辺,5.8393,設定3近辺,4746,2121,27,12,114.9
ワンダーランド西新,2026-09-28,マイジャグラーV,1619,6.0144,設定1未満目安,6.0840,設定1未満目安,6.0840,設定1未満目安,6639,709,27,24,103.6
ワンダーランド西新,2026-09-28,マイジャグラーV,1620,5.5870,設定6以上目安,5.6470,設定6以上目安,5.6470,設定6以上目安,3833,0,15,7,100.0
ワンダーランド西新,2026-09-28,ミスタージャグラー,1621,6.4894,設定1未満目安,6.5639,設定1未満目安,6.5639,設定1未満目安,1302,-796,3,2,79.6
ワンダーランド西新,2026-09-28,ミスタージャグラー,1622,5.3594,設定6以上目安,5.4101,設定6以上目安,5.4101,設定6以上目安,790,-495,1,1,79.1
ワンダーランド西新,2026-09-28,ミスタージャグラー,1623,5.5032,設定6以上目安,5.5567,設定6以上目安,5.5567,設定6以上目安,792,-192,2,2,91.9
ワンダーランド西新,2026-09-28,ミスタージャグラー,1624,6.2756,設定1未満目安,6.3453,設定1未満目安,6.3453,設定1未満目安,1071,-496,2,4,84.6
